step,train_time,quantize_time,encrypt_time,aggregate_time,decrypt_time,dequantize_time,elasp_time
0_1,2.146857738494873,0.9491736888885498,1.8828539848327637,0.39892029762268066,0.12866616249084473,0.38898611068725586,4.139912366867065
0_2,2.1361165046691895,1.0817503929138184,1.940425157546997,0.38098645210266113,0.14100050926208496,0.3695948123931885,4.297792911529541
0_3,1.9988374710083008,1.0895957946777344,1.9422521591186523,0.395998477935791,0.11700320243835449,0.3785872459411621,4.323453903198242
