step,test_loss,test_accuracy,jaccard index(JA),dice coefficient(DI),Accuracy(AC),sensitivity(SE),specificity(SP)
0,0.6930848360061646,0.0015141446225645256,3.534392418331672e-07,0.0015141446225645256,7.067485914694398e-07,3.566844376350532e-07,0.0019183620201445924
1,0.6929860711097717,0.0015177782040717604,0.0,0.0015177782040717604,0.0,0.0,0.0019230610976009384
2,0.6928953528404236,0.0015177789489046905,0.0,0.0015177789489046905,0.0,0.0,0.001923062041321983
