step,train_time,quantize_time,encrypt_time,aggregate_time,decrypt_time,dequantize_time,elasp_time,elapsed time
0_1,20.15104103088379,3.244176149368286,4.316172122955322,1.1641817092895508,0.38700151443481445,1.2255451679229736,11.628657817840576
0_2,20.63993740081787,3.4566314220428467,4.968406677246094,1.3732123374938965,0.4241142272949219,1.3037958145141602,12.838290452957153
0_3,20.08506441116333,3.653383255004883,4.6857521533966064,1.239043951034546,0.4150078296661377,1.2217137813568115,12.482597827911377
