step,test_loss,test_accuracy,jaccard index(JA),dice coefficient(DI),Accuracy(AC),sensitivity(SE),specificity(SP)
0,0.5698559284210205,0.0015099297276027674,2.10928959510426e-07,0.0015099297276027674,4.218116534284052e-07,2.1504374250710904e-07,0.0019130594693772423
1,0.5187902450561523,0.0015174944800202329,0.0,0.0015174944800202329,0.0,0.0,0.0019227016124769049
2,0.46286115050315857,0.0015173036882004454,0.0,0.0015173036882004454,0.0,0.0,0.001922459874701656
