step,train_time,quantize_time,encrypt_time,aggregate_time,decrypt_time,dequantize_time,elasp_time,elapsed time
0_1,19.526340007781982,2.3158462047576904,4.2337751388549805,1.2728393077850342,0.46131038665771484,1.1090936660766602,10.597508192062378
0_2,21.375305891036987,2.7248315811157227,5.57991886138916,1.2955760955810547,0.4216029644012451,1.0985791683197021,12.303040504455566
0_3,19.481508255004883,2.579293727874756,4.592062711715698,1.208585500717163,0.3971240520477295,1.0956242084503174,11.03024673461914
