step,train_time,quantize_time,encrypt_time,aggregate_time,decrypt_time,dequantize_time,elasp_time,elapsed time
0_1,20.057864665985107,2.3795032501220703,4.3885719776153564,1.151477575302124,0.3855562210083008,1.0647130012512207,10.62414836883545
0_2,20.4956636428833,2.773301124572754,4.764783620834351,1.3491618633270264,0.4390430450439453,1.1135871410369873,11.604026317596436
