step,train_loss,train_accuracy,test_loss,test_accuracy
0,2.302473306655884,0.10649999976158142,2.3025853633880615,0.1057
1,2.302582263946533,0.10373999923467636,2.3025853633880615,0.1005
