step,train_time,aggregate_time,elapsed time
0_1,5.114763021469116,0.13661789894104004,0.1368718147277832
