step,train_loss,train_accuracy,test_loss,test_accuracy
0,2.3026340007781982,0.11472000181674957,2.303273916244507,0.1123
