step,train_loss
0,0.5006167888641357
1,0.693064272403717
