step,test_loss,test_accuracy,jaccard index(JA),dice coefficient(DI),Accuracy(AC),sensitivity(SE),specificity(SP)
0,0.693061888217926,0.0015177458324867213,0.0,0.0015177458324867213,0.0,0.0,0.0019230200820324654
1,0.692977249622345,0.0015177840481455194,0.0,0.0015177840481455194,0.0,0.0,0.0019230685021814418
2,0.6928937435150146,0.001517789834924438,0.0,0.001517789834924438,0.0,0.0,0.001923075834168018
3,0.6928099393844604,0.0015177898922192788,0.0,0.0015177898922192788,0.0,0.0,0.0019230759067619448
