step,train_loss
0,0.2684362530708313
1,0.18751554191112518
