step,test_loss,test_accuracy,jaccard index(JA),dice coefficient(DI),Accuracy(AC),sensitivity(SE),specificity(SP)
0,0.4683510661125183,0.7815017406757061,0.020771437646353415,0.7815017406757061,0.03826345308738069,0.021308374551137134,0.9962717743297851
1,0.46045544743537903,0.8097576728233924,0.16209241668898572,0.8097576728233924,0.24799593454658467,0.16407709440267054,0.9986092442899492
