step,train_time,quantize_time,encrypt_time,aggregate_time,decrypt_time,dequantize_time,elasp_time
0_1,0.15400171279907227,0.08300161361694336,0.10899853706359863,0.03099822998046875,0.010973453521728516,0.044539451599121094,33.69913935661316
0_2,0.09900045394897461,0.08299994468688965,0.11899614334106445,0.023000001907348633,0.010000228881835938,0.031001567840576172,9.720770120620728
0_3,0.09967470169067383,0.07599782943725586,0.11467862129211426,0.0299985408782959,0.008997440338134766,0.031006813049316406,1.115288257598877
