step,train_loss
0,0.2636130154132843
1,0.17546501755714417
2,0.14725132286548615
3,0.1338813453912735
4,0.124637670814991
5,0.11615196615457535
