step,train_loss,train_accuracy,test_loss,test_accuracy
0,2.402034282684326,0.09399999678134918,2.39699125289917,0.096
1,2.3827106952667236,0.10000000149011612,2.3796706199645996,0.092
