step,train_time,aggregate_time,elapsed time
0_1,5.000947952270508,0.10965681076049805,0.10978555679321289
