step,train_loss,train_accuracy,test_loss,test_accuracy
0,2.302478313446045,0.10819999873638153,2.3025147914886475,0.1026
