step,train_time,quantize_time,encrypt_time,aggregate_time,decrypt_time,dequantize_time,elasp_time
0_1,2.2916805744171143,1688095586.449614,33.569602966308594,0.0010018348693847656,30.00152325630188,0.3170011043548584,81.35276579856873
